WAKTU,DAIHATSU,HONDA,MITSUBISHI,SUZUKI,TOYOTA
01/01/2021,8993,7231,9108,6400,15474
01/02/2021,9412,6812,7567,4600,14645
01/03/2021,16770,11350,13088,8669,26034
01/04/2021,15861,8474,13820,8100,22618
01/05/2021,8310,5832,10160,5341,17361
01/06/2021,15481,8782,8277,8965,22310
01/07/2021,9284,9030,13453,6274,20950
01/08/2021,14408,7337,13720,10021,28418
01/09/2021,17529,3453,12200,7515,32596
01/10/2021,17020,5861,13109,7624,20633
01/11/2021,16045,7201,11410,8512,32487
01/12/2021,15795,9759,18211,9772,31865
01/01/2022,17660,10883,14586,7017,22493
01/02/2022,14638,11407,12323,6750,24087
01/03/2022,16969,12975,13299,8604,32408
01/04/2022,15533,10149,12340,5801,27284
01/05/2022,6981,8114,6729,6026,12984
01/06/2022,16764,9057,7890,7215,26838
01/07/2022,15673,9599,11756,7467,28829
01/08/2022,15282,11427,13808,8064,30103
01/09/2022,18472,13374,9461,7651,32760
01/10/2022,17089,9962,9188,7663,33153
01/11/2022,20496,11691,10704,8160,25670
01/12/2022,23165,12642,14654,9990,26935
01/01/2023,12684,15287,9831,5768,26696
01/02/2023,10970,13903,8513,6197,24911
01/03/2023,13637,15993,9174,7512,25678
01/04/2023,7596,4673,6216,4363,18134
01/05/2023,10712,10580,6364,5402,22004
01/06/2023,10917,11080,6200,7227,20326
01/07/2023,8611,10160,6539,5139,23954
01/08/2023,9568,10916,8243,5980,25088
01/09/2023,8594,10588,7036,5860,21017
01/10/2023,8208,11307,6690,5502,21298
01/11/2023,7466,10307,6600,6602,24622
01/12/2023,7178,7955,6001,6653,24897
01/01/2024,7348,3222,5077,3242,10366
01/02/2024,6021,3829,4350,2999,10771
01/03/2024,6592,5213,4708,3503,12302
01/04/2024,7510,3435,4898,2555,9116
01/05/2024,9337,5055,5522,2736,9446
01/06/2024,7717,2875,4931,2198,10798
01/07/2024,7908,3703,5335,2557,13458
01/08/2024,7985,3574,6498,2582,11032
01/09/2024,7941,4418,6685,2677,9911
01/10/2024,7210,4318,6064,2773,10008
01/11/2024,7145,2824,6494,2943,11404
01/12/2024,7222,1832,5499,3820,11572
01/01/2025,5755,3932,5916,3371,14237
01/02/2025,7127,3758,7707,3048,16225
01/03/2025,6372,2383,7380,3223,13712
01/04/2025,6076,1590,5197,2767,13779
01/05/2025,7538,3148,5897,2005,9313
01/06/2025,5992,2361,6501,3499,8712
01/07/2025,6354,4171,6121,2666,7617
